<?xml version="1.0" encoding="UTF-8"?>
<!DOCTYPE mapper PUBLIC "-//mybatis.org//DTD Mapper 3.0//EN" "http://mybatis.org/dtd/mybatis-3-mapper.dtd">
<mapper namespace="com.wms.mapper.GoodsMapper">
    <select id="pageCC" resultType="com.wms.entity.Goods">
        select * from goods ${ew.customSqlSegment}
    </select>

    <!-- 通用查询映射结果 -->
    <resultMap id="BaseResultMap" type="com.wms.entity.Goods">
        <id column="id" property="id" />
        <result column="name" property="name" />
        <result column="storage" property="storage" />
        <result column="goodsType" property="goodstype" />
        <result column="count" property="count" />
        <result column="remark" property="remark" />
    </resultMap>

</mapper>
